id,name,startsOn,endsOn,venue,theme,categories,description
10600770,Study Hour: SAHM ,2024-10-17T13:00:00-04:00,2024-10-17T17:00:00-04:00,"GPH 3rd Floor, Room 359",Social,['Health & Wellness'],"<p>Study Hour with Student Association of Healthcare Management!&nbsp;</p>
<p>Join us for an afternoon of studying, snacks and connecting with other SAHM Members.&nbsp;</p>
<p>We will run through a few study activities and provide snacks to members. We hope to see you there!</p>"
10628401,Club Anime Cover Artist Meeting,2024-10-17T15:30:00-04:00,2024-10-17T17:30:00-04:00,604,Cultural,"['Performance, Music, Dance', 'Media (film, tv, music, animation, etc.)', 'Community']",<p>Join us for karaoke!</p>
10597595,Self Care and Crafts Cafe with Active Minds at NYU,2024-10-17T17:00:00-04:00,2024-10-17T18:00:00-04:00,GCASL Room 388,Social,[],"<p><span style=""font-weight: 400;"">Come to the Active Minds Self Care Cafe to unwind during midterms while engaging in self care activities, such as decorating your own mugs and fun coloring pages! Join us to destress with crafts and tasty treats (hello yummy cookies!).&nbsp;Stick around until the end for a chance to take home some of the fun self-care goodies. You don't want to miss out on this perfect opportunity to recharge and connect with fellow students!</span></p>"
10529880,Bible Study and Dinner,2024-10-17T17:00:00-04:00,2024-10-17T18:00:00-04:00,"Kimmel Center, 903",Spirituality,"['Religion & Spirituality', 'Food & Cuisine', 'General Meeting', 'Community', 'Welcome - Graduate Students', 'Welcome - Undergraduate Students']","<p><span style=""font-weight: 400;"">It's a time for connection and worship over a free dinner, event hosted weekly by NYU's Intervarsity Multiethnic Christian Fellowship. We hope to establish and advance witnessing communities around campus.</span></p>"
10572893,Campus Coffee Crawl: Sip Into Fall,2024-10-17T16:00:00-04:00,2024-10-17T18:00:00-04:00,Pless 1,Social,[],"<p>Join PMs Anyka and Naomi and embrace the cozy fall vibes with our Campus <span class=""il"">Coffee</span> <span class=""il"">Crawl</span>! We'll explore local <span class=""il"">coffee</span> shops around campus, sampling seasonal drinks and treats from their fall menus. From pumpkin spice lattes to cinnamon-swirled pastries, this is the perfect way to warm up and connect with fellow students.</p>
<p>RSVP here:&nbsp;<a href=""https://urldefense.proofpoint.com/v2/url?u=https-3A__forms.gle_w8gx94sC8cBxXjQF6&amp;d=DwQFaQ&amp;c=slrrB7dE8n7gBJbeO0g-IQ&amp;r=OYrIIbd5Pg13xhpyYLW6YQ&amp;m=EQGLrlBPW3rmdTesYCWxqNVvsgzB6atXJCnL5jyRrbAjzbqR8POBl_2bI1sGoNLq&amp;s=bF_Oo3ZwqA7XqtwMZ4hma3X7u3B1QoWmzgAtYe_4gwI&amp;e="" target=""_blank"" rel=""noopener"" data-saferedirecturl=""https://www.google.com/url?q=https://urldefense.proofpoint.com/v2/url?u%3Dhttps-3A__forms.gle_w8gx94sC8cBxXjQF6%26d%3DDwQFaQ%26c%3DslrrB7dE8n7gBJbeO0g-IQ%26r%3DOYrIIbd5Pg13xhpyYLW6YQ%26m%3DEQGLrlBPW3rmdTesYCWxqNVvsgzB6atXJCnL5jyRrbAjzbqR8POBl_2bI1sGoNLq%26s%3DbF_Oo3ZwqA7XqtwMZ4hma3X7u3B1QoWmzgAtYe_4gwI%26e%3D&amp;source=gmail&amp;ust=1727887273017000&amp;usg=AOvVaw358y3WSt_V7VSCjABYoEPi"">https://forms.gle/<wbr />w8gx94sC8cBxXjQF6</a></p>"
10476981,Calculus I Learning Group,2024-10-17T17:00:00-04:00,2024-10-17T18:15:00-04:00,"Silver Center for Arts and Sciences, Hemmerdinger 104",ThoughtfulLearning,[],<p>ULC Learning Groups (LGs) are course specific and give you a chance to practice and test your understanding of the material from the past week's lecture(s) by working through problems in a collaborative group environment. This LG is for students taking Calculus I.</p>
10481782,"Supplemental Learning Group: PSYCH-UA 30, Personality - [Duman's Section]",2024-10-17T17:00:00-04:00,2024-10-17T18:15:00-04:00,"Academic Resource Center (ARC), Room LL05",ThoughtfulLearning,[],"<p>Supplemental Learning Groups (SLGs) are lecture specific and give you a chance to practice and test your understanding of the material from the past week's lecture(s) in a collaborative group environment. This is process-based learning, meaning if you continue to attend, your learning will compound over the course of the semester. One time attendance will likely not be very helpful.<br /><br />In order for this to be effective:<br /><br />- You must come ready to collaborate.<br /><br />- You must come ready to speak.<br /><br />- You must be active.<br /><br />This will be a framework that you might not be used to. In this space, the primary aim is to construct knowledge, which can feel frustrating.</p>"
10581992,SPS SAGA: Gender Working Group Panel- Careers in Gender Equality and Diversity,2024-10-17T16:30:00-04:00,2024-10-17T18:20:00-04:00,SPS Building,ThoughtfulLearning,[],"<p>On October 17th the GWG and SAGA will host a discussion with professionals who work on advancing gender equality in global institutions.&nbsp; The discussion will focus on the types of skills that are useful for policy work on gender equality, and on the types of opportunities and career paths in the global affairs arena that are typically available for those seeking to advance women's rights and broader equality and diversity goals.</p>"
10530900,Beginner Yoga with Phil Schuster,2024-10-17T17:30:00-04:00,2024-10-17T18:30:00-04:00,"238 Thompson Street (GCASL), Room 461",Spirituality,['Health & Wellness'],"<p>This class will be a flow based class with attention to the breath and alignment. We will start the practice with Pranayama and build the class through an arc. Moving on the breath, building heat and stamina. We will explore some fairly more advanced poses to challenge the participants to feel comfortable moving beyond their comfort zone. The class will end with a restorative pose to allow the body to release, relax, and reset.</p>
<p class=""p1"">This hybrid event can be attended in person or via Zoom. See the description for details.</p>"
10582404,Event in the Tent,2024-10-17T17:00:00-04:00,2024-10-17T19:00:00-04:00,Bronfman Center for Jewish Student Life,Spirituality,"['LGBTQ+', 'Religion & Spirituality']",<p>Join Keshet as we decorate the sukkah!</p>
10491600,International Scholar Reception,2024-10-17T17:00:00-04:00,2024-10-17T19:00:00-04:00,StudentLink Center,Social,"['International Students', 'Social Mixer', 'Professional Networking']","<p><span style=""font-weight: 400;"">International faculty and research scholars from across all NYU departments and centers are invited to join OGS for our Fall 2024 International Scholar Reception! This is a great opportunity to connect with fellow international scholars and enjoy food &amp; drinks.</span></p>
<p><span style=""font-weight: 400;"">Date: Thursday, October 17, 2024</span></p>
<p><span style=""font-weight: 400;"">Time: 5:00 - 7:00 PM</span></p>
<p><span style=""font-weight: 400;"">Location: 383 Lafayette St. - conference level</span></p>
<p><span style=""font-weight: 400;""><span style=""text-decoration: underline;"">Please note:</span> two drink tickets will be included for those 21 and above. Please bring your government-issued ID such as passport, state ID or driver's license.&nbsp;</span></p>
<p>&nbsp;</p>
<p><strong>To sign up, please fill out this form <a href=""https://docs.google.com/forms/d/e/1FAIpQLSdeTKKxopj4q01hnuWJeNfBW_FooTA8VWrQmEWipJyitsX-zw/viewform?usp=sf_link"">here!</a></strong></p>"
10618679,Capture The Flag (CTF) 101 Workshop,2024-10-17T18:00:00-04:00,2024-10-17T19:00:00-04:00,370 Jay St RM 1013,ThoughtfulLearning,"['Science, Engineering & Technology']","<p>Want to learn Cybersecurity but don&rsquo;t know where to start? Join Cybersecurity Club&rsquo;s CTF 101 where we will teach you different ways to begin with Capture The Flag!</p>
<p>Every week, we will discuss new CTF categories and solve challenges based on the vulnerability.</p>
<p>Join the OSIRIS&nbsp;<a href=""http://www.discord.gg/huAmT2Jbaq"">discord</a>&nbsp;for announcements!</p>"
10604135,Cube and Chill,2024-10-17T18:00:00-04:00,2024-10-17T19:00:00-04:00,Kimmel CTR 904,Social,['General Meeting'],"<p>Looking for a relaxed evening to unwind and solve some cubes? Come hang out with fellow cubers at our Cube &amp; Chill event! It&rsquo;s a casual meetup where you can bring your favorite cubes, learn new algorithms, and share solving tips. Whether you're looking to practice your speed solves, explore new puzzles, or just chat about all things cubing, this is the place to be!</p>"
10613668,1831 Fund Committee Meeting,2024-10-17T18:30:00-04:00,2024-10-17T19:00:00-04:00,Kimmel 803,Fundraising,"['Community Service, Civic Engagement & Philanthropy', 'Community']","<p>Come enjoy dinner, socialize with committee members, and contribute ideas for our upcoming fundraising events! :)</p>"
10581163,Financial Literacy Workshop,2024-10-17T18:00:00-04:00,2024-10-17T19:30:00-04:00,1st Floor Lounge Othmer Hall,ThoughtfulLearning,"['Academic', 'Professional & Career Development']","<p>Join WIBE and NYU RAs to learn more about financial literacy and time management! This workshop will help you learn about budgeting effectively and exploring smart spending habits and investment strategies. Discover how to balance, explore job opportunities, and improve your scheduling skills as a student.&nbsp;</p>"
10262767,Nav Nite,2024-10-17T18:00:00-04:00,2024-10-17T19:45:00-04:00,The HUB (Dibner Library Rm LC223),Spirituality,"['Religion & Spirituality', 'General Meeting', 'Community', 'Find Your People', 'Affirm Your Identity']","<p>&nbsp;</p>
<p>Join us for fellowship, fun, and food! Every gathering will be a fun-filled night with discussions guided by different mediums and student leaders.</p>
<p>Dinner will be served before we have open discussions about navigating spiritual life in school and try to dissect burning questions you have about the Christian faith.&nbsp;</p>
<p>We will end the night with fun games to unwind and bond after our discussions!</p>
<p>Come check out this amazing community and make lasting friendships!</p>"
10466876,Principles of Data Science Learning Group,2024-10-17T18:30:00-04:00,2024-10-17T19:45:00-04:00,"Academic Resource Center (ARC), Room LL04",ThoughtfulLearning,[],<p>ULC Learning Groups (LGs) are course specific and give you a chance to practice and test your understanding of the material from the past week's lecture(s) by working through problems in a collaborative group environment. This LG is for students taking Principles of Data Science.</p>
10485307,Computer Science Pop-Up Hours,2024-10-17T18:30:00-04:00,2024-10-17T19:45:00-04:00,"Academic Resource Center (ARC), Room LL02",ThoughtfulLearning,[],"<p>&nbsp;</p>
<div>
<p>Computer Science Learning Assistants will be present for students seeking quick clarifications, help with consolidating lecture notes, or understanding course material for the following courses:&nbsp;<strong>Basic Algorithms, Computer Systems Organization, Data Structures, Intro to Computer Science, and Intro to Computer Programming.</strong></p>
<p class=""p1"">Pop-Up Hours operate on a drop-in basis, so students do not need to register in advance or stay for the entire duration.</p>
</div>"
10559210,"Supplemental Learning Group - CHEM-UA 225, Organic Chemistry I - [Angelo Lecture ONLY]",2024-10-17T18:30:00-04:00,2024-10-17T19:45:00-04:00,Hemmerdinger 104,ThoughtfulLearning,[],"<p>Supplemental Learning Groups (SLGs) are lecture specific and give you a chance to practice and test your understanding of the material from the past week's lecture(s) in a collaborative group environment.</p>
<p>This is process-based learning, meaning if you continue to attend, your learning will compound over the course of the semester.</p>
<p>One time attendance will likely not be very helpful.</p>
<p>In order for this to be effective:</p>
<p>- You must come ready to collaborate.</p>
<p>- You must come ready to speak.</p>
<p>- You must be active. This will be a framework that you might not be used to. In this space, the primary aim is to construct knowledge, which can feel frustrating.</p>"
10474788,Organic Chemistry I Learning Group,2024-10-17T18:30:00-04:00,2024-10-17T19:45:00-04:00,"Academic Resource Center (ARC), Room LL05",ThoughtfulLearning,[],<p>ULC Learning Groups (LGs) are course specific and give you a chance to practice and test your understanding of the material from the past week's lecture(s) by working through problems in a collaborative group environment. This LG is for Orgo I students.</p>
10525422,Gajok Reveal,2024-10-17T18:00:00-04:00,2024-10-17T20:00:00-04:00,GLOBAL CENTER FOR ACADEMIC & SPIRITUAL LIFE - GLOBAL CTR GRAND HALL ROOM 573,Cultural,[],<p>Gajok Reveal for KSA Members</p>
10586428,Get Together,2024-10-17T18:00:00-04:00,2024-10-17T20:00:00-04:00,Kimmel Center Room 907,Social,"['Culture & Languages', 'Community', 'Find Your People']","<p>Join us for the Turkish Culture Association&rsquo;s kick-off event to celebrate the start of an exciting new year! Discover Turkish culture through delicious food, traditional music, and engaging activities. Whether you're new to Turkish culture or looking to reconnect with it, this event is the perfect opportunity to meet new friends and learn about our plans for the year. Everyone is welcome!</p>"
10617510,Letters for Breast Cancer,2024-10-17T18:00:00-04:00,2024-10-17T20:00:00-04:00,Kimmel Center for Student Life,CommunityService,[],"<p>Join the Pow(h)er Collective in card-making for Girls Love Mail, an organization that sends letters of support for newly-diagnosed women with breast cancer. We will be having snacks and drinks as well!</p>"
10603239,STEBA x IBA: Corporate & Product Strategy in the Gaming Industry ,2024-10-17T18:30:00-04:00,2024-10-17T20:00:00-04:00,KMC 1-70,Arts,"['Media (film, tv, music, animation, etc.)']","<p>What role does product strategy play in the gaming industry? How can managers effectively position their games to stand out amidst intense content saturation? Join us as we discuss these challenges with professionals from PlayStation, Xbox, and Samsung Games!</p>"
10617947,Unlock Your Future with GEICO X SHPE!,2024-10-17T19:00:00-04:00,2024-10-17T20:00:00-04:00,"Student Engagement Suite (2 MetroTech, 1054)",GroupBusiness,[],"<p>Are you a junior looking to take the next step in your career journey?</p>
<p>Join us for an exclusive information panel where representatives from GEICO will dive into the amazing opportunities available to you! Whether you're interested in internships, leadership programs, or professional development, this is your chance to get insider knowledge on how to stand out and succeed. Connect with industry experts, ask your questions, and discover how to launch your career in engineering and technology!</p>"
10473880,Thursday Night Small Group,2024-10-17T19:00:00-04:00,2024-10-17T20:00:00-04:00,3Stone Church,Spirituality,"['Religion & Spirituality', 'Community']","<div>
<div class=""DescriptionText"">
<p>A time to hang out and meet people interested in learning about the Bible. There will be food, games, and a bible study. Come curious and excited to enter deep discussions about the bible and life! This is a more intimate setting than our Cornerstones, but a great space to get to know friends more deeply.&nbsp;</p>
</div>
</div>
<div>&nbsp;</div>"
10601969,Distress with MexSA (Karaoke Night) ,2024-10-17T19:00:00-04:00,2024-10-17T20:00:00-04:00,Kimmel Center ,Cultural,"['Culture & Languages', 'Social Mixer', 'Find Your People']",<p>Distress with MexSA with an evening of Blind Karaoke and playing Finish the Song!&nbsp;</p>
10612499,PSS Mentor/Mentee Mixer,2024-10-17T19:00:00-04:00,2024-10-17T20:00:00-04:00,SILV_401,Social,[],"<p>Come join us on <strong>Thursday, October 17th from 7:00-8:00 pm</strong> and meet your mentor/mentee! We will have fun bonding activities and you'll get a chance to meet other psychology students. The event will take place in <strong>Silver room 401</strong>. Can't wait to see you there!</p>"
10629287,AAP X SHPE Firewall Your Future!,2024-10-17T19:00:00-04:00,2024-10-17T21:00:00-04:00,726 Student Commons,ThoughtfulLearning,[],"<p>Want to learn about how to enhance your professional image? Come to this event to structure your LinkedIn and resume, and gain insight on how to create a website and a GitHub repository! This will help you become prepared for the future! There will also be an interactive interview workshop to master the art of articulating your value!</p>"
10484926,"Aviation Speaker Series: Holger Blankenstein, Executive Vice President of Commercial & Operations at Volaris Airlines",2024-10-17T19:00:00-04:00,2024-10-17T21:00:00-04:00,Kimmel Center Room 903 ,GroupBusiness,"['Mentorship & Advising', 'Professional & Career Development', 'Business', 'Science, Engineering & Technology', 'Professional Networking', 'Leadership']","<p>Come join us for an engaging night with the Executive Vice-President of Commercial &amp; Operations for Mexican Low Cost Carrier Volaris,&nbsp;Holger Blankenstein, as he discusses the success story of Volaris, his own background in the Aviation Industry, and his insights into where the aviation industry is heading. You do not want to miss this exclusive chance to hear from and speak to this industry veteran!</p>"
10574725,Weekly Korean Drumming Practice,2024-10-17T19:00:00-04:00,2024-10-17T21:00:00-04:00,Kimmel Center for University Life Room 606,Arts,"['Performance, Music, Dance', 'Culture & Languages', 'Education']","<p>Thursday Night Meeting for Anyone Interested in Playing Korean Percussion</p>
<p>7:00PM-8:00PM: Beginner Lesson</p>
<p>8:00PM-9:00PM: Individual and Advanced Practice</p>
<p>Please RSVP if you plan to attend to help us determine how many drums to set up for the event.</p>"
10559542,NYU YDSA SocFem Meeting,2024-10-17T19:30:00-04:00,2024-10-17T21:00:00-04:00,	GLOBAL CENTER FOR ACADEMIC & SPIRITUAL LIFE - GLOBAL CTR CLASSROOM 379,CommunityService,[],<p>NYU YDSA SocFem Meeting</p>
10506183,NYDM Morale Committee Meeting,2024-10-17T20:00:00-04:00,2024-10-17T21:00:00-04:00,Kimmel Center for University Life,Social,"['Creative (Design, Aesthetic)', 'Community Service, Civic Engagement & Philanthropy', 'Community']",<p>NYDM Morale Committee will meet bi-weekly to work on crafts for events and bond with each other to bring morale to the cause that NYDM is all together working towards! It's an open community! If you want to get to know more and apply for it check out @nydmnyu on Instagram!</p>
10625127,Wednesday and Thursday Choreo and Technique practice,2024-10-17T19:30:00-04:00,2024-10-17T21:30:00-04:00,Pearl Studios,Athletics,[],"<p>Choreo and Technique practice on Wednesday 10/16 and Thursday 10/17, no coaches</p>"
10582805,Charity Week 2024 Information Session!,2024-10-17T19:00:00-04:00,2024-10-17T22:00:00-04:00,Kimmel Room 802,Spirituality,"['Religion & Spirituality', 'Community']","<p>Join us for our Charity Week 2024 Information Session! There will be free food, refreshments, and Palestine/Lebanon solidarity merch!</p>"
10582345,Encounter,2024-10-17T19:00:00-04:00,2024-10-17T22:00:00-04:00,GCASL (Global Center for Academic and Spiritual Life) Room 475,Spirituality,[],"<p>Come out for a time of fellowship with Encounter&mdash;let's grow in community and do life together!</p>
<p>&nbsp;</p>"
10496129,TBOS Daily Meal Delivery Fall ‚Äò24,2024-10-17T21:00:00-04:00,2024-10-17T22:00:00-04:00,"Lipton, Downstein, and Third North Dining Halls",CommunityService,[],"<p>Come and join TBOS to deliver leftover food from our dining halls to nearby community fridges/pantries! We deliver food from Third North, Downstein, and Lipton at 9PM, Monday - Friday. We also deliver from the Paulson Center on Fridays at 6PM!!</p>
<p>Fill out the delivery availability form if you'd like to be a recurring volunteer throughout the semester:&nbsp;https://forms.gle/KfzDoC42yYYxJCX86</p>
<p>You can also reach out to tbosatnyu@gmail.com or jordan.chong@nyu.edu if you'd like to volunteer last minute or have any questions! Thank you for your interest and help!</p>
<p>&nbsp;</p>"
10531190,Mindfulness-Based Vinyasa Yoga with Hunt Parr,2024-10-18T09:30:00-04:00,2024-10-18T10:45:00-04:00,"238 Thompson Street (GCASL), Room 461 ",Spirituality,[],"<p>Using the principles of mindfulness, compassion, and precise attention to detail, these classes will explore dynamic movement and asana, breath work, and meditation. Taught using Hunt's creative approach to sequencing and lots of humor to ground us, expect to surprise yourself, laugh, and sweat.</p>
<p class=""p1"">This hybrid event can be attended in person or via Zoom. See the description for details.</p>"
10400620,Tandon Peer Justice Zone ,2024-10-18T11:00:00-04:00,2024-10-18T12:00:00-04:00,The Hub,Cultural,['Education'],"<div>The Tandon Peer&nbsp;Justice&nbsp;Zone&nbsp;is a DEI initiative for Tandon students and led by Tandon students! Our Belonging Builders will lead you through the&nbsp;Justice&nbsp;Zone&nbsp;session, helping you to develop an understanding of frequently used concepts&mdash;such as diversity, equity, and social&nbsp;justice&mdash;through the lens of race and racism. Throughout this two-hour session, participants reflect on their own identities and challenge their daily practices to begin a journey toward critical consciousness.&nbsp;</div>
<div>&nbsp;</div>
<div>Snacks will be provided. Students can&nbsp;<a href=""https://forms.gle/AXh9ckriw5baPwjh9"">sign up for sessions here</a>.</div>"
10500173,Weekly Prayer and Community Meeting,2024-10-18T12:00:00-04:00,2024-10-18T13:00:00-04:00,GCASL 484,Spirituality,['Religion & Spirituality'],<p>Bring your own lunch and join us as we hang out and pray together! Snacks and drinks will be provided.</p>
10577502,Race & Identity in the U.S. Workshop,2024-10-18T12:00:00-04:00,2024-10-18T13:30:00-04:00,StudentLink Center,ThoughtfulLearning,"['International Students', 'Race & Ethnicity']","<p><span style=""font-weight: 400;"">Our second&nbsp; </span><a href=""https://www.nyu.edu/students/communities-and-groups/international-students/international-student-hub/identity-and-inclusion-in-the-united-states-for-international-students.html""><span style=""font-weight: 400;"">Identity and Inclusion for International Students</span></a><span style=""font-weight: 400;""> workshop of the school year is here! </span><span style=""font-weight: 400;"">In this session, </span><strong>Race and Identity in the US</strong><span style=""font-weight: 400;"">, we will unpack aspects of our identity through the lens of racial identity in the United States. We will explore the historical context of race and racism in the U.S. as well as learn key terms and vocabulary that will help you navigate conversations on race, identity, and diversity. How do these conversations differ in the U.S. compared to your home country? What </span><em><span style=""font-weight: 400;"">is </span></em><span style=""font-weight: 400;"">racism and what are some of the different ways it might present itself in the U.S.? How have your views on your own identity changed since arriving in the U.S.?&nbsp;</span></p>
<p>&nbsp;</p>
<p><span style=""font-weight: 400;"">This workshop will be a safe space to ask questions, engage in dialogue with one another, and unpack any assumptions you may have about U.S. identities. Lunch will be provided! </span></p>"
10531399,Embodied Vinyasa Flow & Restore with Amanda Valdes,2024-10-18T12:30:00-04:00,2024-10-18T13:30:00-04:00,"238 Thompson Street (GCASL), Room 461 ",Spirituality,['Health & Wellness'],"<p>This class is a mix of Vinyasa Yoga - connecting breath and movement for the first 45 mins of class. The last 15 minutes of the class will focus on restoring the mindbody and breath . This class is open to all and will center community connection, mindful movement, accessibility for all bodies, and normalizing yoga props.&nbsp;</p>
<p class=""p1"">This hybrid event can be attended in person or via Zoom. See the description for details.</p>"
10466845,Discrete Math Learning Group,2024-10-18T12:30:00-04:00,2024-10-18T13:45:00-04:00,"Academic Resource Center (ARC), Room LL05",ThoughtfulLearning,[],<p>ULC Learning Groups (LGs) are course specific and give you a chance to practice and test your understanding of the material from the past week's lecture(s) by working through problems in a collaborative group environment. This LG is for students taking Discrete Math.</p>
10522910,Tea Time,2024-10-18T12:45:00-04:00,2024-10-18T13:45:00-04:00,Kimball Hall 2nd Floor Lounge,Social,['Social Mixer'],<p>Weekly meet for Stats Club members over tea!</p>
10329250,Jummah Prayer at Tandon,2024-10-18T12:30:00-04:00,2024-10-18T14:30:00-04:00,2 MTC 801,Spirituality,[],"<div>
<div>
<div class=""DescriptionText"">
<p>Join our weekly Friday Jummah Prayer at Tandon.&nbsp;</p>
</div>
</div>
</div>"
10574900,Academic Affairs Committee,2024-10-18T15:00:00-04:00,2024-10-18T16:00:00-04:00,Kimmel SGA Conference Room 207,GroupBusiness,"['Academic', 'Advocacy, Activism & Social Justice']","<p>The committee considers all matters concerning academically-related support services and programs provided by the university to students. After a careful review of such problems and issues, the committee makes recommendations concerning policy, services, and short/long-range plans.</p>"
10603450,LUCHA X PRA Visita El Museo De Barrio ,2024-10-18T14:30:00-04:00,2024-10-18T16:30:00-04:00,El Museo Del Barrio ,Cultural,['Community'],"<p><span style=""font-weight: 400;"">Join LUCHA and the Puerto Rico Association on October 18th for a day trip to ""El Museo Del Barrio,"" a museum dedicated to preserving and showcasing Latino, Caribbean, and Latin American culture. This trip celebrates Hispanic Heritage Month by exploring rich histories and artistic contributions from the Hispanic community. After the museum, we will provide ice cream and snacks, making it a perfect way to connect and honor our shared heritage!</span></p>"
10600192,Creative Connections: Vision Board & Game Night!,2024-10-18T15:00:00-04:00,2024-10-18T17:00:00-04:00,School of Global Public Health,Social,"['Creative (Design, Aesthetic)', 'Social Mixer', 'Community', 'Welcome - Graduate Students', 'Welcome - Undergraduate Students', 'Welcome - New Students', 'Find Your People']","<p>Kick off the semester with the Black Women&rsquo;s Health Collective! üéä Join us for our first event where you can connect with fellow members, share your aspirations, and set your intentions for the year. We&rsquo;ll be getting hands-on with virtual Canva mood boards, so be sure to bring your laptops or iPads. Plus, get ready for some fun as we include a game night to foster community and laughter! Together, we&rsquo;ll engage in thoughtful discussions to outline our goals and actionable next steps. Let&rsquo;s create a memorable and impactful year ahead! üíñ‚ú® #BWHC #Intentions #Creativity #Connection #GameNight #FreshStart</p>"
10615822,First Event of the Semester! ,2024-10-18T15:30:00-04:00,2024-10-18T17:00:00-04:00," Rosenthal, Kimmel Center for University Life",ThoughtfulLearning,"['Creative (Design, Aesthetic)']","<p>Join us for our first event of the semester and get ready to crochet or knit!</p>
<p>Whether you're a beginner or more advanced, there will be opportunities to learn the basics or try out interesting patterns.</p>
<p>Yarn, needles, and hooks will be provided, and there will also be snacks available.</p>
<p>See you there! :)</p>"
10574969,Diversity Committee,2024-10-18T16:00:00-04:00,2024-10-18T17:00:00-04:00,Online,CommunityService,"['Advocacy, Activism & Social Justice', 'Dialogue & Difference']",<p>The Diversity Committee shall serve as the link of all student diversity initiatives at NYU. The Diversity Committee shall be chaired by the Director of Diversity.</p>
10574968,Diversity Committee,2024-10-11T16:00:00-04:00,2024-10-18T17:00:00-04:00,Kimmel 405/406,CommunityService,"['Advocacy, Activism & Social Justice', 'Dialogue & Difference']",<p>The Diversity Committee shall serve as the link of all student diversity initiatives at NYU. The Diversity Committee shall be chaired by the Director of Diversity.</p>
10574962,Graduate and Master's Student Issues Committee,2024-10-18T16:20:00-04:00,2024-10-18T17:20:00-04:00,194 Mercer Room 204,CommunityService,"['Advocacy, Activism & Social Justice', 'Navigate NYU']","<p>The Graduate and Master's Student Issues Committee&nbsp;investigates, review, and recommends responses concerning the most urgent matters affecting the welfare and interests of the graduate student body at NYU, including but not limited to Masters students, doctoral students, professional degree students, and other post-baccalaureate degree students.&nbsp;</p>"
10589258,ASH Doc Forum Welcome Mixer,2024-10-18T16:00:00-04:00,2024-10-18T17:30:00-04:00,Kimball Hall Basement,Social,[],"<p class=""p1"">In this event returning and new students will have the opportunity to enjoy food, conversation, and board games to jump start the 2024-2025 academic year.&nbsp;</p>"
10569453,Leslie Lohman Museum Trip,2024-10-18T15:00:00-04:00,2024-10-18T18:00:00-04:00,"LGBTQ+ Center, Kimmel 602",Arts,['LGBTQ+'],"<p>Join SHADES and Pride Month on a trip to the Leslie Lohman Museum of Art, and an ice cream social afterwards! Meet at the LGBTQ+ Center (Kimmel Room 602) BEFORE 3:00pm. RSVP REQUIRED using the Google Form Linked below, as spots are limited.</p>
<p>https://forms.gle/GyLMRsCFniodTh8J9</p>"
10476234,KNESIS Friday Dance Workshop,2024-10-18T16:00:00-04:00,2024-10-18T18:00:00-04:00,Kimmel 606,Arts,[],<p>Events fill up fast so we encourage you to RSVP and book your spot on the guest list. We hope to see you there!</p>
10574192,Vogue Femme with Luz Guzman,2024-10-18T16:00:00-04:00,2024-10-18T18:00:00-04:00,Kimmel Center,Arts,"['LGBTQ+', 'Community']","<p>Luz Guzman is coming to teach Haus of Violets members the basics of vogue femme, a queer dance style popular in underground ballroom culture!</p>
<p>Open to all, first come first serve - 15 spots available</p>"
10473266,Writing & Reading/Study Hours,2024-10-18T16:00:00-04:00,2024-10-18T18:00:00-04:00,Kimmel 703,ThoughtfulLearning,['Academic'],"<p><span data-sheets-root=""1"">Are all of your usual study spots on campus taken and you still need to do your readings for class? Join Grad Life for our Reading &amp; Writing Hours just for gradute students on October 18th. Light refreshments will be provided and a quiet space will be maintained!</span></p>
<div>&nbsp;</div>
<div><em><span style=""font-weight: 400;"">**Note on Accessibility for events hosted by the Center for Student Life (including Graduate Student Life). It is a priority to make our events INCLUSIVE &amp; ACCESSIBLE. For any questions or to notify us of a request, please email gradlife@nyu.edu at least 72 hours before the event.**</span></em></div>"
10574941,Financial Affairs Committee,2024-10-18T17:00:00-04:00,2024-10-18T18:00:00-04:00,Kimmel SGA Conference Room 207,CommunityService,"['Advocacy, Activism & Social Justice']",<p>The Financial Affairs Committee considers all matters concerning NYU affordability and the University&rsquo;s budget as it relates to student life.</p>
10588439,DDR with Boba!,2024-10-18T17:00:00-04:00,2024-10-18T18:00:00-04:00,6 Metrotech Center - RH 203,Social,[],<p>Come hang out with the members of PAS!</p>
10528903,Weekly Session - Meditation and Dharma Talk,2024-10-18T17:00:00-04:00,2024-10-18T18:00:00-04:00,Global Center for Academic and Spiritual Life (GCASL),Spirituality,[],"<p>Join us for a meditation session and dharma talks about life, relationships, meaning, religion, humanity, philosophy and more led by Master Jian Tan.&nbsp;</p>"
10574955,International Student Affairs Committee,2024-10-18T17:00:00-04:00,2024-10-18T18:00:00-04:00,Online,CommunityService,"['International Students', 'Advocacy, Activism & Social Justice']",<p>The International Student Affairs Committee considers all matters concerning NYU&rsquo;s international students in NYC and at NYU&rsquo;s global sites. The International Student Affairs committee will be chaired by an individual who is in and of this community.</p>
10620407,PUMP Mentor/Mentee Mixer,2024-10-18T17:00:00-04:00,2024-10-18T18:30:00-04:00,SILV_208,Social,[],"<p>Join us for our first event of the year to meet your mentor or mentee! We&rsquo;ve got fun bonding activities lined up, so get ready to connect, laugh, and make some great memories. We can&rsquo;t wait to see you there and get to know everyone!</p>"
10614392,Political Refresh ,2024-10-18T17:00:00-04:00,2024-10-18T18:30:00-04:00,Leslie eLab,Social,"['Advocacy, Activism & Social Justice']","<p>Join us this Friday at 5pm for our Political Refresh event ! We'll be diving into vital social and economic issues facing the continent, including in Sudan and Congo. We'd love to see you there !&nbsp;</p>"
10554352,Career Over Cookies,2024-10-18T16:00:00-04:00,2024-10-18T19:00:00-04:00,"NYU Tandon Campus, Room 233 (Co-Laboratory)",Social,"['Professional & Career Development', 'Community']","<p>Career Over Cookies is a casual networking event designed to stimulate meaningful career discussions in a relaxed environment. Attendees will gather over cookies and other refreshments to share insights, experiences, and advice related to career development while enjoying a laid-back atmosphere.&nbsp;Representatives from the NYU Wasserman Center for Career Development and the Office of Global Services will also be present at the event to provide students with insights on career planning, including resume building and navigating career paths both before and after graduation.</p>"
10620404,Enchanted Fall Movie Night,2024-10-18T16:00:00-04:00,2024-10-18T19:00:00-04:00,"Heights Alumni Lounge, 1st Floor",Social,['Community'],"<p>Get ready for a magical evening as we host a cozy, fall-themed movie party on October 18th! üéÉ Join us from 4-7 PM in the Silver Room for a special Harry Potter movie nigh. It&rsquo;s the perfect chance to unwind and get into the Halloween spirit with friends.</p>
<p>&nbsp;</p>
<p>We&rsquo;ll have all your favorite treats&mdash;delicious candy, popcorn and drinks! Plus, don't miss out on the cookie decorating station to channel your creative side.</p>
<p>&nbsp;</p>
<p>Come for the movies, stay for the snacks, and enjoy a magical fall evening with fellow juniors! We can't wait to see you there! ‚ú®</p>"
10597619,Art With Aftab,2024-10-18T17:00:00-04:00,2024-10-18T19:00:00-04:00,Kimmel 910,Arts,"['Creative (Design, Aesthetic)', 'Culture & Languages', 'Community', 'Find Your People']",<p>Unleash your inner artist with PSA at an evening for painting and sketching.&nbsp;</p>
10576152,SCRC Teach-In and Organizing Meeting,2024-10-18T17:00:00-04:00,2024-10-18T19:00:00-04:00,20 Cooper Square Room 471,ThoughtfulLearning,"['Advocacy, Activism & Social Justice']","<p class=""p1"">Join the Student Liberation Action Movement (SLAM, officially Students Creating Radical Change), for a teach-in on political prisoners to ground ourselves in orienting our work on campus. Following the teach-in will be a discussion on abolitionist organizing.&nbsp;</p>"
10594472,Movie and Cards Night!,2024-10-18T17:00:00-04:00,2024-10-18T19:00:00-04:00,Kimmel Room 908,Social,"['Social Mixer', 'Sports & Games', 'General Meeting', 'Community']","<p><span style=""font-weight: 400;"">THE MOVIE</span></p>
<p><span style=""font-weight: 400;"">We will have a screening of the 50 minute documentary film </span><em><span style=""font-weight: 400;"">Double Dummy</span></em><span style=""font-weight: 400;"">, a bridge film that focuses on a U.S. junior team at the World Youth Team Championships in 2012. It&rsquo;s IMdB summary reads:&nbsp;</span></p>
<p><span style=""font-weight: 400;"">&ldquo;To say that you played a hand double dummy is the highest compliment that you can pay a bridge player. It means to play the hand as if you know where all the cards are. This film is a celebration of the card game bridge. Through the lens of the 2012 World Youth Team Championships, the filmmakers show that bridge is not just a game for old people. It is a vibrant game played and loved by people of all ages and a great pastime.&rdquo;</span></p>
<p><span style=""font-weight: 400;"">It received a 7.9 rating overall on IMbD, and honors the wonderful game many of us have been working on through an interesting youth perspective. With it&rsquo;s under an hour runtime, and its explanations designed to be understandable for those not familiar with bridge, it makes a nice addition to a Saturday night and one&rsquo;s overall bridge knowledge.</span></p>
<p><span style=""font-weight: 400;"">THE FOOD</span></p>
<p><span style=""font-weight: 400;"">We hope to never disappoint with our food selection, and for our movie screening, we went the extra mile to provide a full Movie Night snack experience. With popcorn popped throughout the night so it&rsquo;s fresh whenever you arrive and an array of seasonings to choose from served in authentic theater-style popcorn holders, to tons of candy (with a great assortment of both chocolate and non-chocolate sweets), along with soda and water!&nbsp;</span></p>
<p><span style=""font-weight: 400;"">THE GAMES</span></p>
<p><span style=""font-weight: 400;"">After (and during if you wish) the movie screening, there will be ample time to play some of our favorite card games, including bridge of course and finding friends. Grab a nametag, and join a table! No experience required, and if you&rsquo;d like to try something new we would love to teach you! There will also be bridge documents available if you&rsquo;d like to learn or review some concepts or get more context for the documentary&rsquo;s subject game.</span></p>"
10606678,Behind The Song: Breaking down A&R and Music Publishing,2024-10-18T17:30:00-04:00,2024-10-18T19:00:00-04:00, Kimmel Center for University Life,Arts,"['Media (film, tv, music, animation, etc.)']",<p>Join us for an intimate conversation all about A&amp;R specifically in the music publishing space!&nbsp;</p>
10628910,TGC Weekly Locals,2024-10-18T18:00:00-04:00,2024-10-18T19:00:00-04:00,"6 Metrotech, Room 205",Social,"['Social Mixer', 'Sports & Games']","<p>This is TGC Weekly Locals! We are at 6 Metrotech Room 205 in Brooklyn unless otherwise announced on discord. We have a bunch of setups including Switches and Steam decks, but you are always welcome to bring your own! Come by if you just wanna talk, meet people with gaming interests, or just chill and have a good time!</p>"
10485551,Kesher Shabbat,2024-10-18T18:00:00-04:00,2024-10-18T19:00:00-04:00,The Bronfman Center for Jewish Student Life,Spirituality,['Religion & Spirituality'],"<p>Join Kesher: Reform Jews at NYU on Friday evenings&nbsp;for Shabbat with NYU Hillel! We combine traditional melodies, musical instruments, and a mix of English and Hebrew to provide an accessible, egalitarian service for all! And be sure to stay after services for a free community dinner!</p>"
10540240,New Member Meetings,2024-10-18T18:00:00-04:00,2024-10-18T19:00:00-04:00,6MTC 201,Social,[],"<p>Older members meet with new members on a weekly basis to get familiar with each other, learn more about the fraternity, and do various bonding activities.&nbsp;</p>"
10596719,BIS at The Brooklyn Bridge ,2024-10-18T17:00:00-04:00,2024-10-18T19:30:00-04:00,Brooklyn Bridge ,Social,[],"<p>Black in STEM is heading to the iconic Brooklyn Bridge for a fun and relaxing outing! We&rsquo;ll enjoy a scenic walk, grab some delicious boba tea and ice cream, and spend time together as a club. It&rsquo;s going to be a great time filled with good vibes, laughter, and community bonding.</p>"
10537779,Quiz Bowl Practice,2024-10-18T17:30:00-04:00,2024-10-18T19:30:00-04:00,Kimmel 904,Social,['Academic'],<p>Quiz Bowl is a fast-paced friendly competition where players answer academic trivia questions from a variety of fields. More information can be found at&nbsp;https://naqt.com/rules</p>
10499264,NYU YDSA General Club Meeting,2024-10-18T18:00:00-04:00,2024-10-18T19:30:00-04:00,KIMMEL CENTER FOR UNIVERSITY LIFE - KIMMEL CTR 903,CommunityService,"['Advocacy, Activism & Social Justice']",<p>&nbsp;YDSA General Club Meeting</p>
10554783,Weekly TGC Locals!,2024-10-18T18:30:00-04:00,2024-10-18T19:30:00-04:00,Room 205 at 6 metro tech,Social,"['Social Mixer', 'Sports & Games']","<ul class=""MuiList-root MuiList-padding css-1ontqvh"">
<li class=""MuiListItem-root MuiListItem-gutters MuiListItem-padding css-1yo8bqd"">
<div class=""MuiListItemText-root MuiListItemText-multiline css-1xar93x"">
<div class=""MuiTypography-root MuiTypography-body2 MuiListItemText-secondary css-1g1yogv"">
<div>
<p>This is TGC Weekly Locals! We are at 6 Metrotech Room 205 in Brooklyn unless otherwise announced on discord. We have a bunch of setups including Switches and Steam decks, but you are always welcome to bring your own! Come by if you just wanna talk, meet people with gaming interests, or just chill and have a good time!</p>
</div>
</div>
</div>
</li>
<li class=""MuiListItem-root MuiListItem-gutters MuiListItem-padding css-1yo8bqd"">
<div class=""MuiListItemText-root MuiListItemText-multiline css-1xar93x"">&nbsp;</div>
</li>
</ul>"
10585627,HKSA Dimsum Picnic,2024-10-18T16:00:00-04:00,2024-10-18T20:00:00-04:00,	GLOBAL CENTER FOR ACADEMIC & SPIRITUAL LIFE - GLOBAL CTR CLASSROOM 275,Cultural,['Culture & Languages'],<p>Join HKSA in a dimsum picnic taking place on (10/18) Friday afternoon!</p>
10505402,Bible Study (Zoe Christian Club),2024-10-18T18:00:00-04:00,2024-10-18T20:00:00-04:00,GCASL 369,Spirituality,['Religion & Spirituality'],<p>Weekly Bible Study for the Zoe Christian Club</p>
10611674,NYU Ballroom and Latin Dance Team Game Night ,2024-10-18T18:00:00-04:00,2024-10-18T20:00:00-04:00,Global Center for Academic and Spiritual Life room 288,Social,[],<p>Game night for NYU Ballroom and Latin team</p>
10608245,JCA General Meeting #3,2024-10-18T18:30:00-04:00,2024-10-18T20:00:00-04:00,GCASL 265,Cultural,[],"<p>Join the Japanese Cultural Association for our bi-weekly General Member meetings. JCA is an All-University, All-Inclusive club focused on promoting Japanese culture and language. No prior experience in Japanese language or culture is required.&nbsp;<br /><br /></p>
<p>This week, come to learn common Japanese games and bond with other members!</p>"
10603062,"Eat, Meditate & Dance",2024-10-18T18:30:00-04:00,2024-10-18T20:00:00-04:00,Kimmel Center,Social,"['Health & Wellness', 'Mentorship & Advising', 'Creative (Design, Aesthetic)', 'Culture & Languages', 'Fraternity & Sorority', 'Find Your People']","<p>Join us for an uplifting evening of relaxation, reflection, and joyful connection!</p>
<p>We&rsquo;ll kick off with icebreakers and meditation to center your mind, followed by a 20-minute insightful discussion on ""How to handle college stress?"" We&rsquo;ll wrap up the meet with a lively dancing kirtan that will energize and inspire you. We&rsquo;ll end the evening with a delicious dinner of vegan and vegetarian tacos, perfect for nourishing both body and soul.</p>
<p>Whether new to meditation or a seasoned practitioner, we welcome everyone! Come as you are and experience a night of inner peace, community, and celebration!</p>
<p>We welcome interested students to join our club e-board. For more details, check with the club president during the club meeting.</p>"
10620388,Tien Len Tournament,2024-10-18T18:30:00-04:00,2024-10-18T20:00:00-04:00,GLOBAL CENTER FOR ACADEMIC & SPIRITUAL LIFE ,Cultural,[],<p>Compete in Vietnamese card games and win prizes</p>
10617235,Bible Study and Fellowship,2024-10-18T19:00:00-04:00,2024-10-18T20:00:00-04:00,GCASL Rm 491,Spirituality,[],"<div>
<div class=""DescriptionText"">
<p>Come meet some new people over dinner and stick around for Bible study, small group sharing, and more. Compass Koinonia Christian Fellowship meets every Friday to explore how we can apply God's Word to our daily lives. Follow us on IG @cknyu for the latest info!</p>
</div>
</div>
<div>&nbsp;</div>"
10522836,Vocal Performance Share Day,2024-10-18T19:00:00-04:00,2024-10-18T20:15:00-04:00,John A. Paulson Centre,Arts,[],"<p><span style=""font-weight: 400;"">In lieu of program meeting, we&rsquo;ll be hosting Share Days throughout the semester! This is a great way to get to know others in Vocal Performance, while getting the opportunity to showcase your talents.&nbsp;</span></p>
<p><span style=""font-weight: 400;"">In an informal, 'show and tell' style setting, vocal performance students and others will have the opportunity to showcase their work in performance and singing in a supportive, social environment. Come along to hear your peer perform live, stay for the great discussion, free food and opportunities to get to know one another across undergraduate and graduate cohorts.</span></p>
<p><span style=""font-weight: 400;"">&nbsp;</span></p>"
10522835,Vocal Performance Share Day,2024-10-18T19:00:00-04:00,2024-10-18T20:15:00-04:00,John A. Paulson Centre,Arts,[],"<p><span style=""font-weight: 400;"">In lieu of program meeting, we&rsquo;ll be hosting Share Days throughout the semester! This is a great way to get to know others in Vocal Performance, while getting the opportunity to showcase your talents.&nbsp;</span></p>
<p><span style=""font-weight: 400;"">In an informal, 'show and tell' style setting, vocal performance students and others will have the opportunity to showcase their work in performance and singing in a supportive, social environment. Come along to hear your peer perform live, stay for the great discussion, free food and opportunities to get to know one another across undergraduate and graduate cohorts.</span></p>
<p><span style=""font-weight: 400;"">&nbsp;</span></p>"
10614212,One More Weekend Premiere + Open Discussion,2024-10-18T18:00:00-04:00,2024-10-18T21:00:00-04:00,Tisch Room 109,Arts,"['Multicultural & Diversity', 'Media (film, tv, music, animation, etc.)']","<p>Join us October 18th for an exclusive premiere screening of a micro-budget feature film made entirely by Tisch students over the course of an entire semester!</p>
<p>After a chance encounter in a quiet NYC park, two women embark on a life-changing weekend of romance, regret, and the uncertainty of young love.</p>
<p>After the screening there will be an open discussion with the filmmakers on micro-budget filmmaking and working with a mostly Asian-identifying cast and crew!</p>
<p>RSVP here -&gt; https://forms.gle/WKsRGrLMUwVNChG19 , the screening will happen on October 18 at 6PM in Tisch room 109.</p>"
10561084,Fireside,2024-10-18T20:00:00-04:00,2024-10-18T21:30:00-04:00,Kimmel - room 383,Social,[],<p>A required event by the National KKG organization. It is a tradition done the night before initiation for new members.</p>
10583538,PLAY Weekly Meeting,2024-10-18T20:00:00-04:00,2024-10-18T22:00:00-04:00,Kimmel GC 279,Social,[],"<p>*&nbsp;<strong>OPEN PLAY:&nbsp;</strong><em>How we normally run things! Our full selection of games will be available for you to choose from and play. Feel free to bring your own games as well.</em></p>
<p><em>*&nbsp;<strong>FOOD AND SNACKS:&nbsp;</strong>We will be purchasing snacks for you to enjoy during our meeting!</em></p>"
10496130,TBOS Daily Meal Delivery Fall ‚Äò24,2024-10-18T21:00:00-04:00,2024-10-18T22:00:00-04:00,"Lipton, Downstein, and Third North Dining Halls",CommunityService,[],"<p>Come and join TBOS to deliver leftover food from our dining halls to nearby community fridges/pantries! We deliver food from Third North, Downstein, and Lipton at 9PM, Monday - Friday. We also deliver from the Paulson Center on Fridays at 6PM!!</p>
<p>Fill out the delivery availability form if you'd like to be a recurring volunteer throughout the semester:&nbsp;https://forms.gle/KfzDoC42yYYxJCX86</p>
<p>You can also reach out to tbosatnyu@gmail.com or jordan.chong@nyu.edu if you'd like to volunteer last minute or have any questions! Thank you for your interest and help!</p>
<p>&nbsp;</p>"
10518491,Overwatch 2 10-Mans,2024-10-18T20:00:00-04:00,2024-10-18T23:45:00-04:00,Online,Social,"['Sports & Games', 'Tournament & Competition', 'Community', 'Find Your People']",<p>Join us for Overwatch 2 Custom Games hosted by NYU The Gaming Collective! All ranks are welcome to play in casual Overwatch 2 5v5 Custom Matches through the NYU Overwatch Discord every Friday at 8pm. Make new friends and go for the win!</p>
10605589,Tip-to-Tip!,2024-10-19T08:00:00-04:00,2024-10-19T11:00:00-04:00,Pless Hall Lobby,Athletics,"['Advocacy, Activism & Social Justice']","<p><span data-sheets-root=""1"">Get ready for ""Tip to Tip,"" an exhilarating walk from our Washington Square Campus to Tandon, across the Brooklyn Bridge, on October 19th from 8am to 11am, to support NYU&rsquo;s 1831 Fund! Donate just $5 to join this fun and impactful adventure. Water and cool USG merch will be available. We will also grab coffee on our way! Don&rsquo;t miss out&mdash;let&rsquo;s make every step count for a great cause!üï∫üíÉüèæ</span></p>"
10473657,Rocky Horror Picture Show with Keshet!,2024-10-19T09:15:00-04:00,2024-10-19T12:00:00-04:00,Village East by Angelika,Arts,"['LGBTQ+', 'Religion & Spirituality', 'Gender & Sexuality', 'Media (film, tv, music, animation, etc.)']","<p>Join Keshet at the Village East by Angelika on Saturday, October 19 at 9:15pm to watch the Rocky Horror Picture Show! RSVP REQUIRED. Please see form in our Instagram bio, @keshetnyu !!!</p>"
10597281,Masterclass with Germaine Goodson,2024-10-19T12:00:00-04:00,2024-10-19T13:30:00-04:00,Ripley-Grier Studios,Arts,"['Creative (Design, Aesthetic)', 'Performance, Music, Dance']","<p>Join us on Saturday,&nbsp; October 19th from 12:00 - 1:30p for a masterclass taught by dancer, teacher, and choreographer Germaine Goodson! This class with be at Ripley-Grier Studios (520 8th Avenue) in studio 16U. Please RSVP ahead of time, and make sure to bring your I.D. for entrance to the Ripley-Grier building.&nbsp;</p>"
10567465,PSoc Dual-Specialist Periodontal Symposium,2024-10-19T10:00:00-04:00,2024-10-19T14:00:00-04:00,NYU Interprofessional Building (433 First Ave),ThoughtfulLearning,"['Academic', 'Mentorship & Advising', 'Medical & Health Professions', 'Professional & Career Development', 'Education', 'Professional Networking', 'Leadership']","<p><span style=""font-weight: 400;""><strong>RSVP TO EVENT </strong><a href=""https://docs.google.com/forms/d/e/1FAIpQLSdQ58o6S0Y46jdeHws61MpasmdrS5EcRquCI_SYIWJmFi6p7Q/viewform?usp=share_link"" target=""_blank"" rel=""noopener""><strong>HERE</strong></a></span></p>
<p><span style=""font-weight: 400;"">The Dual-Specialist Periodontal Symposium is a unique and inspiring event that brings together leading periodontists who have chosen to expand their expertise by becoming dual-certified in another dental specialty. This symposium will provide attendees with a rare opportunity to gain insights from professionals who have taken their careers beyond the traditional boundaries of periodontics.</span></p>
<p><span style=""font-weight: 400;"">The symposium will feature a series of concise 20-25 minute presentations by dual-specialist periodontists who are also certified in <em>endodontics, orthodontics, prosthodontics, dental anesthesiology, oral medicine, business administration, dental public health, and organized dentistry</em>. Each speaker will share their personal journey, explaining how and why they chose to pursue dual certification, and how their additional expertise has shaped their approach to patient care, research, and professional growth. Guest speakers may also choose to include clinical cases in their presentations and a short Q&amp;A will conclude the event.&nbsp;</span></p>
<p><strong>The event aims to:</strong></p>
<ul>
<li style=""font-weight: 400;"" aria-level=""1""><em><span style=""font-weight: 400;"">Promote Professional Growth:</span></em><span style=""font-weight: 400;""> By exposing attendees to the diverse career paths within periodontics, the symposium seeks to inspire students to explore the full spectrum of opportunities available in the field.</span></li>
<li style=""font-weight: 400;"" aria-level=""1""><em><span style=""font-weight: 400;"">Foster Education &amp; Collaboration:</span></em><span style=""font-weight: 400;""> The symposium will encourage interdisciplinary learning and collaboration, highlighting how dual-specialization can enhance patient outcomes and broaden the scope of dental practice.</span></li>
<li style=""font-weight: 400;"" aria-level=""1""><em><span style=""font-weight: 400;"">Build a Supportive Community: </span></em><span style=""font-weight: 400;"">The event will serve as a platform for future periodontists to connect with mentors and peers, fostering a supportive environment that encourages professional development and lifelong learning.</span></li>
</ul>
<p><strong>Perks:&nbsp;</strong></p>
<ul>
<li>Complimentary <strong><em>breakfast food &amp; beverage included</em></strong> in the event price</li>
<li>Network with leading professionals, peers, and potential mentors in a supportive community</li>
<li>Exposure to diverse career paths &amp; opportunities through unique insights of dual-specialist periodontists&nbsp;</li>
<li>Explore clinical cases presented by guest speakers</li>
</ul>
<p><strong>Speaker Line-Up:&nbsp;</strong>(*Subject to Change)</p>
<ol>
<li style=""font-weight: 400;"" aria-level=""1""><span style=""font-weight: 400;"">Perio-Prosth: Dr. Zahra Bagheri - PENDING</span></li>
<li style=""font-weight: 400;"" aria-level=""1"">Perio-Ortho: PENDING</li>
<li style=""font-weight: 400;"" aria-level=""1"">Perio-Endo: Dr. Mike Sabeti</li>
<li style=""font-weight: 400;"" aria-level=""1"">Perio-Anesthesiology: Dr. Charles Neidorff</li>
<li style=""font-weight: 400;"" aria-level=""1"">Perio-Oral Medicine: Dr. Michael Bral</li>
<li style=""font-weight: 400;"" aria-level=""1"">Perio-MBA: Dr. Carlo Ercoli</li>
<li style=""font-weight: 400;"" aria-level=""1"">Perio-MPH: Dr. Stephanie Russell</li>
</ol>
<p><strong>Affordable Registration Fees:</strong></p>
<div><strong>FREE:&nbsp;</strong>NYUCD Residents &amp; Faculty</div>
<div><strong>""Early Bird"" Discount (until Oct 14th):&nbsp;</strong></div>
<div>$7 - NYU DDS Students&nbsp;</div>
<div>$12&nbsp;NYU Pre-Dental &amp; Students from other institutions</div>
<div><strong>Standard Fee (after Oct. 14th):</strong></div>
<div>
<div>$9 - NYU DDS Students&nbsp;</div>
<div>$15 NYU Pre-Dental &amp; Students from other institutions</div>
<div>&nbsp;</div>
<div><strong>PAYMENT INSTRUCTIONS:</strong></div>
<div>1. Visit: <a href=""https://web.dental.nyu.edu/events/clubs/"">https://web.dental.nyu.edu/events/clubs/</a></div>
<div>
<div>2. Enter: CLUB: PERIODONTAL CLUB; MEMO: PSOC SYMPOSIUM, [EARLY BIRD or STANDARD ticket], [NYU DDS or PRE-DENTAL or OTHER]</div>
<div><em>- For example, ""psoc symposium, early bird, nyu dds""</em></div>
<div>3. Complete the google form (at the top of this page).</div>
</div>
</div>
<p><span style=""font-weight: 400;"">Fundamentally, the Dual-Specialist Periodontal Symposium is designed to empower attendees to envision and pursue dynamic and fulfilling careers in periodontics, enriched by the knowledge and skills gained through additional specialization. Contact <span style=""text-decoration: underline;"">nyucd.periosociety@gmail.com</span> for additional information.&nbsp;</span></p>
<p>&nbsp;</p>"
10544835,Urban Birding PT:2 (Fall 2024),2024-10-19T11:00:00-04:00,2024-10-19T14:00:00-04:00,Morningside Park,Social,"['Health & Wellness', 'Animals', 'Community', 'Find Your People', 'Explore NYC']","<p><span style=""font-weight: 400;"">FALL URBAN BIRDING pt.2</span></p>
<p><span style=""font-weight: 400;"">Date: October 19 11:00 - 2:00</span></p>
<p><span style=""font-weight: 400;"">Location: Meet at the lower playground (</span><a href=""https://maps.app.goo.gl/PwqD56xFAzvGK27x5""><span style=""font-weight: 400;"">40.81028741967658, -73.95573572909927</span></a><span style=""font-weight: 400;"">) in Morningside Park</span></p>
<p><span style=""font-weight: 400;"">Lead: Harlan (</span><span style=""font-weight: 400;"">ecw9572@nyu.edu)+Rafael</span></p>
<p>&nbsp;</p>
<p><span style=""font-weight: 400;"">Join us for a bird walk at Morningside park, one of the lesser explored parks but no less incredible! Come see sapsuckers, kinglets, and warblers - straggling migrants who will soon leave NYC for their winter homes. We will meet at 11. Location linked above. This small incredibly urban park is nestled in a part of Harlem with a rich history. Additonally it serves as a vital refuge for the native bird species living at the heart of the concrete jungle, and also as a critical stop over spot for a variety of fall migrants.</span></p>
<p>&nbsp;</p>"
10531549,Mindfulness-Based Vinyasa Yoga with Hunt Parr,2024-10-19T13:00:00-04:00,2024-10-19T14:15:00-04:00,"238 Thompson Street (GCASL), Room 461",Spirituality,['Health & Wellness'],"<p>Using the principles of mindfulness, compassion, and precise attention to detail, these classes will explore dynamic movement and asana, breath work, and meditation. Taught using Hunt's creative approach to sequencing and lots of humor to ground us, expect to surprise yourself, laugh, and sweat.</p>
<p class=""p1"">This hybrid event can be attended in person or via Zoom. See the description for details.</p>"
10596826,Cafe Con Libros Excursion,2024-10-19T13:00:00-04:00,2024-10-19T15:30:00-04:00,Cafe con Libros,Cultural,"['LGBTQ+', 'Race & Ethnicity', 'Community', 'Find Your People', 'Affirm Your Identity']",<p>Join BSB on a visit to an Intersectional Feminist Bookstore!</p>
10537910,NYU ETSA: General Meeting,2024-10-19T14:00:00-04:00,2024-10-19T16:00:00-04:00,Student Technology Center,Social,['General Meeting'],"<p>Join us for a casual general meeting where we&rsquo;ll catch up, chat about what&rsquo;s happening, and focus on building our community! Whether you&rsquo;re interested in tech, looking to learn, or just want to chill and play some games, this is a great chance to relax and connect with fellow students!</p>"
10582393,Queer History Walking Tour,2024-10-19T14:00:00-04:00,2024-10-19T16:00:00-04:00,Outside of Kimmel,Cultural,"['LGBTQ+', 'Gender & Sexuality', 'Community']",<p>Join us for a walking tour around Greenwich Village of historic spots that have shaped queer history. We'll be stopping to get ice cream and bubble tea along the way too!</p>
10434243,NYU ETSA: Game Design with Louis Gaitan,2024-10-19T14:00:00-04:00,2024-10-19T16:00:00-04:00,LaGuardia Student Technology Center,ThoughtfulLearning,"['Creative (Design, Aesthetic)', 'Media (film, tv, music, animation, etc.)']","<p><strong>Join Our 6-Session Unity Game Design Workshop!</strong></p>
<p>Are you ready to dive into the world of game design? This fall, embark on a creative journey with our hands-on Unity workshop series, led by seasoned game developer Luis. Over the course of six sessions in September and November, Luis will teach you the essentials of game design and prototyping using Unity, one of the industry's leading platforms.</p>
<p>In each session, you'll learn step-by-step how to turn your ideas into interactive, playable games &mdash; all with just your laptop. From beginner basics to advanced techniques, this workshop is perfect for both newcomers and those wanting to expand their skill set.</p>
<p><strong>What You'll Need:</strong></p>
<ul>
<li>Your laptop with Unity and Visual Studio pre-installed (download them before the first session using this link)</li>
<li>Game ideas and a passion for creating!</li>
</ul>
<p>Don&rsquo;t miss this opportunity to learn from a pro and connect with fellow game enthusiasts. A more detailed tutorial will be provided after registration to help you get started.</p>
<p>Spaces are limited, so sign up today and start building your dream game!</p>"
10620475,CYC Professional Development Event 1,2024-10-19T15:00:00-04:00,2024-10-19T16:00:00-04:00,Online,ThoughtfulLearning,[],"<article class=""w-full text-token-text-primary focus-visible:outline-2 focus-visible:outline-offset-[-4px]"" dir=""auto"" data-testid=""conversation-turn-6"" data-scroll-anchor=""false"">
<div class=""m-auto text-base py-[18px] px-3 md:px-4 w-full md:px-5 lg:px-4 xl:px-5"">
<div class=""mx-auto flex flex-1 gap-4 text-base md:gap-5 lg:gap-6 md:max-w-3xl lg:max-w-[40rem] xl:max-w-[48rem]"">
<div class=""group/conversation-turn relative flex w-full min-w-0 flex-col"">
<div class=""flex-col gap-1 md:gap-3"">
<div class=""flex max-w-full flex-col flex-grow"">
<div class=""min-h-8 text-message flex w-full flex-col items-end gap-2 whitespace-normal break-words [.text-message+&amp;]:mt-5"" dir=""auto"" data-message-author-role=""user"" data-message-id=""aaa20ab5-1922-4f6c-9bb3-eb8285aa4e60"">
<div class=""flex w-full flex-col gap-1 empty:hidden items-end rtl:items-start"">
<div class=""relative max-w-[70%] rounded-3xl px-5 py-2.5 bg-[#f4f4f4] dark:bg-token-main-surface-secondary"">
<div class=""whitespace-pre-wrap"">The event will focus on equipping members with essential skills for future career. Professional development events include behavioral interview/ casing/ resume workshop as well as guest speaker sessions.</div>
</div>
</div>
</div>
</div>
</div>
</div>
</div>
</div>
</article>"
10572944,Club E.A.T. Empanada Food Lab Event,2024-10-19T12:00:00-04:00,2024-10-19T16:30:00-04:00,NYU Food Lab,Social,[],"<p>Join Club E.A.T. in the NYU Food Lab to learn how to make empanadas! All ingredients will be provided, and vegan, vegetarian, and gluten-free options will also be available. Please fill out this <a href=""https://docs.google.com/forms/d/e/1FAIpQLSe3hAr96kImD5Eiw0Jvm7LvLR-N9U4EzgrT3eeV9Uvsx9HUfA/viewform?usp=sf_link"">google form</a> to reserve your spot! (Space is limited, so be sure to sign up soon!)&nbsp;</p>"
10538528,ACF Fall 2024 @ Rutgers University-New Brunswick,2024-10-19T09:00:00-04:00,2024-10-19T17:00:00-04:00,Scott Hall,Social,['Academic'],"<p>A beginner friendly tournament occuring at Rutgers University. To sign up, fill out <a href=""https://docs.google.com/forms/d/1FLDOJQJ1TMnqxPOjwuSWLiGW_4bvbcGYtTPn5ngw2rk/viewform"">this form.</a></p>"
10625349,Central Park Fall Leaves Walk and Picnic,2024-10-19T15:00:00-04:00,2024-10-19T17:00:00-04:00,Starbucks,Social,['Social Mixer'],<p>Join us for a relaxing walk and picnic in Central Park to connect with other members! We will be meeting in front of Starbucks at Columbus circle and walking from there to Sheep Meadow for a picnic. Free food will be provided. We hope to see you there!</p>
10403616,Weekly Breaking Practice,2024-10-19T16:00:00-04:00,2024-10-19T17:00:00-04:00,Kimmel 606,Arts,[],<p>NYU's Breaking Club Weekly Session</p>
10622102,MGSG Sisters-Pilates & Meditation & BOBA,2024-10-19T16:00:00-04:00,2024-10-19T18:00:00-04:00,NYU Global Center for Academic and Spiritual Life Room 475,Social,"['Health & Wellness', 'Community']",<p>We are planning to have a chill Pilates and Meditation session with the MGSG sisters and grab Boba after.</p>
10538507,APDA Tournament Hosted by Brandeis University,2024-10-18T15:00:00-04:00,2024-10-19T21:00:00-04:00,Brandeis University,ThoughtfulLearning,[],<p>APDA Tournament hosted by Brandeis University.&nbsp;</p>
10624760,FUNGI FEST by Brooklyn Mushroom,2024-10-19T11:00:00-04:00,2024-10-19T22:00:00-04:00,Farm.One,Cultural,['Community'],"<p>Hi everyone,</p>
<p>This Saturday, October 19th from 11 am to 10 pm <strong>Brooklyn Mushroom</strong> is hosting a festival with a diverse range of activities throughout the day.</p>
<p>The festival is FREE and family-friendly, it will be a nice opportunity to meet! Please<a href=""https://www.eventbrite.com/e/the-2024-nyc-fungi-fest-tickets-943026897837?aff=ebdsoporgprofile""> RSVP here</a> if you plan to go</p>
<p><img src=""https://img.evbuc.com/https%3A%2F%2Fcdn.evbuc.com%2Fimages%2F830312069%2F150815668079%2F1%2Foriginal.20240820-040106?w=600&amp;auto=format%2Ccompress&amp;q=75&amp;sharp=10&amp;rect=0%2C0%2C3072%2C1536&amp;s=1c0eec7c10587dc877101169609b56e7"" alt=""The 2024 NYC Fungi Fest"" /></p>
<p>Zeke from Bk Mushroom also asked if there was anyone <strong>interested in volunteering</strong> that day. He needs some help checking people in throughout the day and handing out some drinks when people leave. He can give <strong>VIP tickets</strong> in return; which include Limited Edition NYC fungi fest mad scientist Lion's Mane chocolate, Limited first edition NY Mushroom Kingdom Magazine, Official NYC fungi fest T-shirt, Witches and Wizards functional Mushroom God package, Mushroom Goodies, Mushroom functional gummies, Fungies Mushroom functional gummies, Gruns Mushroom Functional coffee, Mushroom Functional tea, and Mushroom protein bar.</p>
<p>If you're interested you can reach out directly to him&nbsp;<a href=""mailto:Zeke@brooklynmushroom.com"">Zeke@brooklynmushroom.com</a>&nbsp;or +1 646 664 6127&nbsp;</p>
<p>Hope to see you there,</p>
<p>&nbsp;</p>
<p><img src=""https://i.imgur.com/dOMVoPa.png"" alt=""Banner Image"" /></p>"
10608732,Breast Cancer Awareness Walk,2024-10-20T09:00:00-04:00,2024-10-20T13:00:00-04:00,Central Park,Fundraising,"['Community Service, Civic Engagement & Philanthropy']","<p>Join Our Team!<br /><br />In collaboration with&nbsp;<strong>Actually, It's Doctor - NYU, Black Women's Health Collective</strong>&nbsp;will be participating in the <strong>Making Strides Against Breast Cancer Walk</strong> on <strong>Sunday, October 20th</strong>! üå∏</p>
<p>Help us support the <strong>American Cancer Society</strong> in funding life-saving cancer research, patient support, and advocacy efforts to put an end to breast cancer as we know it &ndash; for everyone.</p>
<p>üìç <strong>Meeting Location:</strong> 726 Broadway<br />üïò <strong>Time:</strong> 9:00 AM<br />üí≤ <strong>Registration:</strong> Free and open to the public</p>
<p>Let's come together and make strides toward a future without breast cancer!</p>
<p>Together, we can make a change! üí™üíñ #BreastCancerAwareness #MakingStrides #NYUTeam</p>
<p><a href=""https://secure.acsevents.org/site/TR?team_id=2768951&amp;pg=team&amp;fr_id=108810&amp;s_locale=en_US&amp;et=zG3kZ1T5ZDDavjAo06fYMqPrCpup-vybQv5zydA0abFSIcIHUzJQQA&amp;NONCE_TOKEN=B1AE3E57E4AF16FC1DC963F52E8D7638&amp;fbclid=PAZXh0bgNhZW0CMTEAAaY8gqgVuPtKK_BpyYeRRUQNoHtHMJTTTFCM8ABhL__go0Zx99M0R0nvwBk_aem_ZTqms4mvHQ8k0TfXaCdpvA"">TEAM LINK</a></p>"
10584541,"Supplemental Learning Group - MATH-UA 9, ATF - [Stine Lecture ONLY]",2024-10-20T12:00:00-04:00,2024-10-20T13:15:00-04:00,"Academic Resource Center (ARC), Room LL05",ThoughtfulLearning,[],"<p>Supplemental Learning Groups (SLGs) are lecture specific and give you a chance to practice and test your understanding of the material from the past week's lecture(s) in a collaborative group environment.</p>
<p>This is process-based learning, meaning if you continue to attend, your learning will compound over the course of the semester.</p>
<p>One time attendance will likely not be very helpful.</p>
<p>In order for this to be effective:</p>
<p>- You must come ready to collaborate.</p>
<p>- You must come ready to speak.</p>
<p>- You must be active.</p>
<p>This will be a framework that you might not be used to. In this space, the primary aim is to construct knowledge, which can feel frustrating.</p>"
10584614,"Supplemental Learning Group - MATH-UA 221, Calculus I - [Chen Lecture ONLY]",2024-10-20T12:00:00-04:00,2024-10-20T13:15:00-04:00,"Academic Resource Center (ARC), Room LL02",ThoughtfulLearning,[],"<p>Supplemental Learning Groups (SLGs) are lecture specific and give you a chance to practice and test your understanding of the material from the past week's lecture(s) in a collaborative group environment. This is process-based learning, meaning if you continue to attend, your learning will compound over the course of the semester. One time attendance will likely not be very helpful.</p>
<p>In order for this to be effective:</p>
<p>- You must come ready to collaborate.</p>
<p>- You must come ready to speak.</p>
<p>- You must be active.</p>
<p>This will be a framework that you might not be used to. In this space, the primary aim is to construct knowledge, which can feel frustrating.</p>"
10481783,"Supplemental Learning Group: PSYCH-UA 30, Personality - [Duman's Section]",2024-10-20T12:00:00-04:00,2024-10-20T13:15:00-04:00,"Academic Resource Center (ARC), Room LL04",ThoughtfulLearning,[],"<p>Supplemental Learning Groups (SLGs) are lecture specific and give you a chance to practice and test your understanding of the material from the past week's lecture(s) in a collaborative group environment. This is process-based learning, meaning if you continue to attend, your learning will compound over the course of the semester. One time attendance will likely not be very helpful.<br /><br />In order for this to be effective:<br /><br />- You must come ready to collaborate.<br /><br />- You must come ready to speak.<br /><br />- You must be active.<br /><br />This will be a framework that you might not be used to. In this space, the primary aim is to construct knowledge, which can feel frustrating.</p>"
10594792,Weekly Quidditch Practice,2024-10-20T11:00:00-04:00,2024-10-20T14:00:00-04:00,"East River Park,  Field: 5",Athletics,[],<p>Come join other wizards at Quidditch Practice!!!</p>
10588782,Academic Event: Study Tips,2024-10-20T14:00:00-04:00,2024-10-20T15:00:00-04:00,Stern Building,ThoughtfulLearning,[],<p>alpha Kappa Delta Phi is hosting an academic event where sisters will explore different study methods and help each other study for upcoming midterms.</p>
10476743,ATF Learning Group,2024-10-20T14:00:00-04:00,2024-10-20T15:15:00-04:00,"Academic Resource Center (ARC), Room LL04",ThoughtfulLearning,[],"<p>ULC Learning Groups (LGs) are course specific and give you a chance to practice and test your understanding of the material from the past week's lecture(s) by working through problems in a collaborative group environment. This LG is for students taking ATF (MATH-UA 9, Algebra, Trigonometry, and Functions).</p>"
10585202,"Supplemental Learning Group - CHEM-UA 225, Organic Chemistry I - [Angelo Lecture ONLY]",2024-10-20T14:00:00-04:00,2024-10-20T15:15:00-04:00,"Academic Resource Center (ARC), Room LL02",ThoughtfulLearning,[],"<p>Supplemental Learning Groups (SLGs) are lecture specific and give you a chance to practice and test your understanding of the material from the past week's lecture(s) in a collaborative group environment. This is process-based learning, meaning if you continue to attend, your learning will compound over the course of the semester.</p>
<p>One time attendance will likely not be very helpful.</p>
<p>In order for this to be effective:</p>
<p>- You must come ready to collaborate.</p>
<p>- You must come ready to speak.</p>
<p>- You must be active.</p>
<p>This will be a framework that you might not be used to. In this space, the primary aim is to construct knowledge, which can feel frustrating.</p>"
10590024,"Supplemental Learning Group - CHEM-UA 225, Organic Chemistry I - [Weck Lecture ONLY]",2024-10-20T15:30:00-04:00,2024-10-20T16:45:00-04:00,"Academic Resource Center (ARC), Room LL02",ThoughtfulLearning,[],"<p>Supplemental Learning Groups (SLGs) are lecture specific and give you a chance to practice and test your understanding of the material from the past week's lecture(s) in a collaborative group environment. This is process-based learning, meaning if you continue to attend, your learning will compound over the course of the semester.</p>
<p>One time attendance will likely not be very helpful.</p>
<p>In order for this to be effective:</p>
<p>- You must come ready to collaborate.</p>
<p>- You must come ready to speak.</p>
<p>- You must be active.</p>
<p>This will be a framework that you might not be used to. In this space, the primary aim is to construct knowledge, which can feel frustrating.</p>"
10590155,"Supplemental Learning Group: MATH-UA 121, Calculus I - [Espinosa Lecture Only]",2024-10-20T16:00:00-04:00,2024-10-20T17:15:00-04:00,"Academic Resource Center (ARC), Room LL05",ThoughtfulLearning,[],"<p>Supplemental Learning Groups (SLGs) are lecture specific and give you a chance to practice and test your understanding of the material from the past week's lecture(s) in a collaborative group environment. This is process-based learning, meaning if you continue to attend, your learning will compound over the course of the semester. One time attendance will likely not be very helpful.</p>
<p>In order for this to be effective:</p>
<p>- You must come ready to collaborate.</p>
<p>- You must come ready to speak.</p>
<p>- You must be active.</p>
<p>This will be a framework that you might not be used to. In this space, the primary aim is to construct knowledge, which can feel frustrating.</p>"
10484180,"Supplemental Learning Group - MATH UA 121, Calculus I - [Feklistova Lecture ONLY]",2024-10-20T17:00:00-04:00,2024-10-20T18:15:00-04:00,"Academic Resource Center (ARC), Room LL01",ThoughtfulLearning,[],"<p><strong>Supplemental Learning Groups (SLGs)</strong> are lecture specific and give you a chance to practice and test your understanding of the material from the past week's lecture(s) in a collaborative group environment. This is process-based learning, meaning if you continue to attend, your learning will compound over the course of the semester. <strong>One time attendance will likely not be very helpful. </strong></p>
<p>In order for this to be effective:</p>
<p>- You must come ready to collaborate.</p>
<p>- You must come ready to speak.</p>
<p>- You must be active.</p>
<p>This will be a framework that you might not be used to. In this space, the primary aim is to construct knowledge, which can feel frustrating.</p>"
10500106,AFD Weekly Practice,2024-10-20T17:00:00-04:00,2024-10-20T19:00:00-04:00,Kimmel 606,Arts,"['Performance, Music, Dance', 'Culture & Languages']",<p>Come dance with us! üíÉ‚ú®</p>
10612545,Iowa City Robin Round,2024-10-18T08:00:00-04:00,2024-10-20T20:00:00-04:00,Graduate by Hilton Iowa City,ThoughtfulLearning,[],"<p>The highest individual competitive honor a team can receive aside from National success is a named invitation to an Elite Round Robin tournament. Vikram Saigal &amp; Emmanuel Makinde received such an invitation to the 1st Annual Iowa City Round Robin, one of only two such events on the Fall schedule.</p>"
10612825,Rochester Brad Smith Debate Tournament,2024-10-18T08:00:00-04:00,2024-10-20T20:30:00-04:00,University of Rochester ,ThoughtfulLearning,[],"<p>This is an in-person tournament attended by top universities around the country. It provides an opportunity for debaters in the novice, JV, and open divisions to participate. NYU will have teams debut in this tournament.</p>"
10382844,Procrastination Power Hour ‚Äì Sunday Session,2024-10-20T19:30:00-04:00,2024-10-20T21:00:00-04:00,"Bobst Library, Room LL146",ThoughtfulLearning,[],"<p><strong><span class=""OYPEnA font-feature-liga-off font-feature-clig-off font-feature-calt-off text-decoration-none text-strikethrough-none"">Think of a Procrastination Power Hour as a </span><span class=""OYPEnA font-feature-liga-off font-feature-clig-off font-feature-calt-off text-decoration-none text-strikethrough-none"">structured study session</span><span class=""OYPEnA font-feature-liga-off font-feature-clig-off font-feature-calt-off text-decoration-none text-strikethrough-none""> designed to </span><span class=""OYPEnA font-feature-liga-off font-feature-clig-off font-feature-calt-off text-decoration-none text-strikethrough-none"">streamline productivity</span><span class=""OYPEnA font-feature-liga-off font-feature-clig-off font-feature-calt-off text-decoration-none text-strikethrough-none""> and </span><span class=""OYPEnA font-feature-liga-off font-feature-clig-off font-feature-calt-off text-decoration-none text-strikethrough-none"">hold you accountable</span><span class=""OYPEnA font-feature-liga-off font-feature-clig-off font-feature-calt-off text-decoration-none text-strikethrough-none""> to get your homework done!</span></strong></p>
<p><span style=""font-weight: 400;"">Procrastination Power Hours are designed to help students fight procrastination and get their homework done efficiently, both in the short and long-term. This program aims to help students establish a productive homework routine by leveraging social support, imposing a consistent structure and routine on study time, and using external rewards as motivation to build consistent habits.</span></p>
<p><span style=""font-weight: 400;"">This program works best if you attend every week, but you are welcome to register any time throughout the semester.</span></p>"
10623481,Potential Liberty Playoff Game Field Trip for October 20th ,2024-10-20T18:30:00-04:00,2024-10-20T22:00:00-04:00,Barclays Center,Athletics,[],"<p>We would like to take 4-8 members of our club to the Liberty Game 5 (if it occurs) on October 20th at Barclays Center.&nbsp;</p>
<p>Ticket Costs range from 150USD to 300USD per person. Thus we are requesting a budget of 800 to help us cover the fees of the tickets.&nbsp;</p>"
10498070,Flow & Restore with Phil Schuster,2024-10-21T09:30:00-04:00,2024-10-21T10:30:00-04:00,"238 Thompson Street (GCASL), Room 461",Spirituality,['Health & Wellness'],"<p>This class will be a flow based class with attention to the breath and alignment. We will end the practice with a restorative pose to allow the body to release, relax, and reset.<br /><br />This hybrid event can be attended in person or via Zoom. See the description for details.</p>"
10618418,NYU RADical Health | Building Resilience,2024-10-21T10:00:00-04:00,2024-10-21T11:00:00-04:00,Founders Hall 4th Floor Lounge,ThoughtfulLearning,"['Health & Wellness', 'Professional & Career Development', 'Community', 'Find Your People', 'Navigate NYU', 'Invest in Academic & Personal Growth', 'Prioritize Wellbeing & Safety', 'Dialogue & Difference']","<p class=""p1""><strong>Want to strengthen your mindfulness and connect with other NYU students? RADical Health is the perfect place for you.</strong></p>
<p class=""p2"">&nbsp;</p>
<p class=""p3"">RADical health provides students with an opportunity to hear esteemed guest speakers touch on topics related to student wellbeing and discuss how they can implement their advice into their own lives. In addition, by attending all 4 topics of offered RADical Health sessions, students will have the opportunity to get a &ldquo;Career Accelerator&rdquo; certification through the NYU Wasserman Center for Career Development to add to their resume and LinkedIn page. Additionally, they will unlock a VIP museum hack experience! Register your specific lab <a href=""https://wkf.ms/4bCII3X""><span class=""s1"">here</span></a>.</p>
<p class=""p2"">&nbsp;</p>
<p class=""p3"">Building Resilience touches on self-care, stress management, understanding stress cycles, and centers around the question of &ldquo;why am I stressed?&rdquo;</p>
<p class=""p2"">&nbsp;</p>
<p class=""p3"">Free snacks will be provided - join us for a lovely time and even more beautiful conversations!</p>"
10253777,Global Awards for the Environment: Hollings,2024-10-21T12:00:00-04:00,2024-10-21T13:00:00-04:00,https://nyu.zoom.us/j/97869682120,CommunityService,[],"<p>The <span style=""text-decoration: underline; color: rgba(17, 85, 204, 1);""><a href=""https://www.noaa.gov/office-education/hollings-scholarship"" target=""_blank"" rel=""noopener"">National Oceanic and Atmospheric Administration (NOAA) Hollings Scholarship</a></span> is awarded annually to students seeking careers in oceanic and atmospheric science, research, technology and education. The scholarship provides two years of academic year tuition assistance, a summer internship, and funding to attend a conference. <br /><br />Eligibility: Open to current sophomores with a declared major in a discipline including, but not limited to, oceanic, environmental, biological, and atmospheric sciences, mathematics, engineering, remote sensing technology, physical and social sciences including geography, physics, hydrology, geomatics, or teacher education that support NOAA's programs and mission. Related discipline areas of study may include biological, social, and physical sciences; mathematics; engineering; computer and information sciences; and science teacher education. Minimum GPA of 3.0. U.S. Citizens.<br /><br />Can't make this session? Please still RSVP! This session will be recorded, and the recording will be shared with everyone who RSVPs. <br /><br /><span style=""font-style: italic;"">Note on Accessibility: New York University and the NYU Office of Global Awards provide reasonable accommodations to students with disabilities. For any questions or to notify us of additional accommodation requests, please email the Office of Global Awards at globalawards@nyu.edu at least one week prior to the event. </span></p>"
10589598,Epi I Midterm Review,2024-10-21T12:30:00-04:00,2024-10-21T13:30:00-04:00,NYU School of Global Public Health Room 1001,ThoughtfulLearning,['Academic'],"<div>Prepare for your Epi I Midterm with <span class=""il"">EPIC</span>! Review questions and content will be approved by Epi professors. Snacks will be provided!</div>"
10629434,SOF Principles Forum 2,2024-10-21T12:30:00-04:00,2024-10-21T13:30:00-04:00,T-200,GroupBusiness,['Business'],<p>Join us for our second Principles Forum as we explore how to be an ethical leader.</p>
10629428,Blackstone,2024-10-21T12:30:00-04:00,2024-10-21T13:30:00-04:00,UC-24,Spirituality,[],"<p>Join us as we host Gurtegh Hora, a real estate associate at Blackstone and former President of SREG!&nbsp;</p>"
10400622,Tandon Peer Justice Zone ,2024-10-21T14:00:00-04:00,2024-10-21T16:00:00-04:00,LC223 The Hub,Cultural,[],"<div>The Tandon Peer&nbsp;Justice&nbsp;Zone&nbsp;is a DEI initiative for Tandon students and led by Tandon students! Our Belonging Builders will lead you through the&nbsp;Justice&nbsp;Zone&nbsp;session, helping you to develop an understanding of frequently used concepts&mdash;such as diversity, equity, and social&nbsp;justice&mdash;through the lens of race and racism. Throughout this two-hour session, participants reflect on their own identities and challenge their daily practices to begin a journey toward critical consciousness.&nbsp;</div>
<div>&nbsp;</div>
<div>Snacks will be provided. Students can&nbsp;<a href=""https://forms.gle/AXh9ckriw5baPwjh9"">sign up for sessions here</a>.</div>"
10483187,Feminist Society General Meeting,2024-10-21T17:00:00-04:00,2024-10-21T18:00:00-04:00,Kimmel Center for University Life,Social,[],<p>General Meetings will typically include a presentation about a certain feminist topic and discussion about this topic afterwards. &nbsp;</p>
10624087,General Meeting - Open House!,2024-10-21T17:00:00-04:00,2024-10-21T18:00:00-04:00,Kimmel 405,CommunityService,"['Advocacy, Activism & Social Justice']",<p>Come join us in Kimmel 405 to learn about Sunrise and how you can get involved this year!</p>
10603125,Khubani BTE Senior Panel,2024-10-21T17:00:00-04:00,2024-10-21T18:00:00-04:00,Tisch L101,GroupBusiness,[],"<p>Calling all underclassmen and juniors! üì£ Want the inside scoop on how to thrive during your college years? Our BTE Senior Panel is here to help! Hear directly from seniors as they share their experiences, strategies for success, and advice on making the most out of your time at college. This is your chance to get tips on balancing academics, social life, internships, and more all from those who&rsquo;ve been through it!</p>
<p>üóìÔ∏è Date: Monday, October 21<br />üïí Time: 5:00 pm<br />üìç Location: Tisch L101</p>
<p>Come with questions and leave with confidence!</p>"
10476744,ATF Learning Group,2024-10-21T17:00:00-04:00,2024-10-21T18:15:00-04:00,"Academic Resource Center (ARC), Room LL05",ThoughtfulLearning,[],"<p>ULC Learning Groups (LGs) are course specific and give you a chance to practice and test your understanding of the material from the past week's lecture(s) by working through problems in a collaborative group environment. This LG is for students taking ATF (MATH-UA 9, Algebra, Trigonometry, and Functions).</p>"
